transcript_id,date,transcript_conv,Primary Diagnosis,Patient Name
T8907,2025-12-01,"Hello doctor, I've been struggling with high blood pressure and a bad cough. Can you help me with that? yes I can help you with your cough yes it seems you have been eating much",MOCK_DIAGNOSIS_638,<<TEST_USER>>
T4375,2025-12-03,"Patient: Doctor, I've had a severe cough for three weeks and I feel tired all of the time. I also have a recurring headache.
Doctor: Thank you. Let's start by taking your vitals. Are you experiencing any difficulty swallowing or dizziness?
Patient: No, just the fatigue and constant ache in my head. I've been taking aspirin but it doesn't seem to help much.
Doctor: I see. We will run a few blood tests immediately to rule out an infection.",MOCK_DIAGNOSIS_934,<<TEST_USER>>
T3081,2025-12-04,"Patient: Doctor, I've been struggling with chest pains for the past three weeks and I feel tired all of the time.
Doctor: Thank you, let's start by checking your vitals. How have you been feeling today?
Patient: Well today I have also experienced a lot of joint pain. I've been taking aspirin but it doesn't seem to help much.
Doctor: I see we will run a few tests immediately to rule out any infection",MOCK_DIAGNOSIS_781,<<TEST_USER>>
T3341,2025-12-01,"I will be more than likely, yes I'll be more than glad to help you out with your symptoms along with your cough.",MOCK_DIAGNOSIS_391,<<TEST_USER>>
T5671,2025-12-03,Patient: doctor I have a severe cough for three weeks and I feel tired all the time I also have a recurring,MOCK_DIAGNOSIS_181,<<TEST_USER>>
T4560,2025-12-01,I will provide you with a certain type of cough syrup to help with your symptoms and assign you new medicine for your high blood pressure.,MOCK_DIAGNOSIS_432,<<TEST_USER>>
